DATE,BGN,BGN1M,BGN3M,CHF,CHF1M,CHF3M,CZK,CZK1M,CZK3M,DBGN,DCZK,DHRK,DHUF,DPLN,DRON,DRUB,DUAH,EEK,EEK1M,EEK3M,EUR,EUR1M,EUR3M,EURUSD,HRK,HRK1M,HRK3M,HUF,HUF1M,HUF3M,ISK,ISK1M,ISK3M,JPY,JPY1M,JPY3M,LVL,LVL1M,LVL3M,NOK,NOK1M,NOK3M,PLN,PLN1M,PLN3M,RON,RON1M,RON3M,RUB,RUB1M,RUB3M,TRY,TRY1M,TRY3M,UAH,UAH1M,UAH3M,USD1M,USD3M,USD,VIX
31/01/2000,2.0127,2.0127,3.25,1.6562,2,2.06,36.702,NA,5.25,-0.013068043,NA,NA,-1.565652781,0.080375863,NA,NA,NA,NA,NA,NA,1.031672341,3.27,3.45,0.9693,7.9476,NA,NA,263.27,11.9,NA,73.91,NA,NA,107.36,NA,NA,0.5973,NA,NA,8.329,5.5,5.62,4.206,16.7,16.4,1.846,NA,NA,28.61,NA,NA,0.5593,NA,NA,5.52,NA,NA,5.84,5.99,1,23.37
28/02/2000,2.0196,2.0196,3,1.6641,2.06,2.4,36.864,NA,5.11,-0.021509543,NA,NA,-2.87661917,0.06991698,NA,NA,NA,NA,NA,NA,1.03669915,3.4,3.58,0.9646,7.9948,NA,NA,266.06,11.4,NA,73.48,NA,NA,110.19,NA,NA,0.598,NA,NA,8.3795,5.53,5.67,4.16,17.7,18,1.8885,NA,NA,28.68,NA,NA,0.5739,NA,NA,5.61,NA,NA,5.86,6.05,1,23.67
31/03/2000,2.0349,2.0349,3.6,1.6645,2.55,2.8,37.802,NA,5.23,-0.104229967,NA,NA,-11.92411836,-0.30219423,NA,NA,NA,NA,NA,NA,1.046025105,3.66,3.8,0.956,8.0692,NA,NA,270.07,11,NA,73.5,NA,NA,102.75,NA,NA,0.5907,NA,NA,8.4613,5.58,5.95,4.127,17.7,18.1,1.948,NA,NA,28.65,NA,NA,0.5888,NA,NA,5.52,NA,NA,6.11,6.26,1,26.2
30/04/2000,2.1325,2.1325,3.7,1.7168,2.94,3.12,39.967,NA,5.17,0.049637946,NA,NA,7.700716635,0.114198668,NA,NA,NA,NA,NA,NA,1.096491228,3.88,4.05,0.912,8.4598,NA,NA,283.01,10.8,NA,75.59,NA,NA,108.16,NA,NA,0.6013,NA,NA,8.921,6.1,6.3,4.465,17.9,18.1,2.0085,NA,NA,28.42,NA,NA,0.6109,NA,NA,5.5,NA,NA,6.16,6.38,1,23.65
31/05/2000,2.076,2.076,3.7,1.6805,2.7,3.1,38.619,NA,5.09,0.032775937,NA,NA,4.229929837,0.076526221,NA,NA,NA,NA,NA,NA,1.06643916,4.18,4.38,0.9377,8.1851,NA,NA,276.32,10.8,NA,75.23,NA,NA,107.61,NA,NA,0.6024,NA,NA,8.8599,5.97,6.25,4.39,17.7,17.9,2.0697,NA,NA,28.2425,NA,NA,0.6153,NA,NA,5.53,NA,NA,6.56,6.75,1,19.54
30/06/2000,2.0358,2.0358,4.3,1.6339,3.16,3.32,37.348,NA,5.21,-0.070599291,NA,NA,-7.144488991,0.050796328,NA,NA,NA,NA,NA,NA,1.050089258,4.39,4.49,0.9523,7.9627,NA,NA,272.99,10.8,NA,76.38,NA,NA,105.98,NA,NA,0.5973,NA,NA,8.5981,6.27,6.67,4.35,17.7,18,2.136,NA,NA,28.05,NA,NA,0.62,NA,NA,5.5,NA,NA,6.53,6.73,1,20.74
31/07/2000,2.0991,2.0991,4.1,1.6703,3.03,3.29,38.199,5.13,5.24,-0.097969058,-1.669192284,NA,-11.961497,0.003087356,NA,NA,NA,NA,NA,NA,1.080030241,4.36,4.45,0.9259,8.1904,NA,NA,281.03,10.8,NA,78.35,NA,NA,109.39,NA,NA,0.6043,NA,NA,8.852,6.44,6.78,4.3355,17.8,18.2,2.189,NA,NA,27.85,NA,NA,0.6349,NA,NA,5.41,NA,NA,6.5,6.6,1,16.84
31/08/2000,2.1897,2.1897,4.5,1.7407,3.12,3.34,39.827,5.24,5.29,-0.020725827,-0.378480601,NA,-3.935537302,-0.114944234,-0.066297453,0.003839372,NA,NA,NA,NA,1.125365744,4.65,4.79,0.8886,8.4806,NA,NA,293.92,10.68,NA,80.99,NA,NA,106.63,NA,NA,0.6102,NA,NA,9.0716,6.76,7,4.369,19.15,19.3,2.3,38,NA,27.765,7,NA,0.6547,NA,NA,5.443,NA,NA,6.5,6.56,1,20.57
30/09/2000,2.2029,2.2029,4.4,1.7242,3.22,3.46,40.166,5.14,5.25,-0.096933433,-0.931564751,-0.385525548,-10.40451197,-0.07777649,-0.003228582,-0.112974705,0.124430119,NA,NA,NA,1.131605749,4.77,4.93,0.8837,8.5164,5.5,8.5,298.8,10.8,NA,82.62,NA,NA,108.05,NA,NA,0.6147,NA,NA,9.055,7.02,7.2,4.525,18.8,19.1,2.4165,46,NA,27.772,6,NA,0.6641,NA,NA,5.47,30,NA,6.55,6.71,1,23.63
31/10/2000,2.2922,2.2922,4.7,1.797,3.07,3.33,41.053,5.19,5.28,0.051141251,1.344396619,0.198234246,7.794940436,0.204484751,0.013286655,-0.052872217,0.058870807,18.438,NA,NA,1.177856302,4.86,5.04,0.849,8.8949,6,6.5,310.18,11.7,11.75,86.65,10.86,11.12,108.96,NA,NA,0.627,NA,NA,9.2873,7.1,7.31,4.644,19.3,19.5,2.484,46,NA,27.873,6.5,NA,0.682,NA,NA,5.437,21,NA,6.54,6.65,1,29.65
30/11/2000,2.2333,2.2333,4.8,1.7288,3.28,3.29,39.665,5.21,5.34,0.147255483,2.016543795,0.615040991,23.88224556,0.39818816,0.003875529,-0.577804636,0.047493191,17.9507,4.78,5.18,1.146526026,4.97,5,0.8722,8.6929,6.5,6.25,303.61,11.75,11.65,87.06,12.07,11.68,110.34,0.49,0.44,0.6278,3.25,4.4,9.2604,7.2,7.18,4.4835,19.55,19.4,2.5368,40,40,27.925,8,16,0.6823,NA,NA,5.4361,18,NA,6.7,6.61,1,26.85
31/12/2000,2.0781,2.0781,4.8,1.61,3.22,3.2,37.602,3.9,4.11,-0.028149796,0.465100318,-0.211830773,-0.991351076,0.087099826,-0.008842131,0.251276887,0.044447564,16.6581,4.78,5.13,1.061345786,4.77,4.77,0.9422,8.0765,7,6.25,280.9,11.65,11.65,84.51,12.46,11.74,114.27,0.45,0.43,0.6167,4.4,5.2,8.7683,7.28,7.31,4.128,19.2,18.85,2.591,38,39,28.531,15,18,0.6698,NA,NA,5.4344,16,14,6.45,6.22,1,22.02
31/01/2001,2.099,2.099,4.05,1.6346,3.34,3.31,37.061,4.92,4.96,-0.020690782,-0.473436634,-0.089058168,-4.082452123,0.084259409,0.023849404,-0.152968796,0.004391626,16.8112,4.72,4.97,1.068147832,4.76,4.7,0.9362,8.2918,4,5,283.01,11.15,10.9,85.61,11.5,11.51,116.33,0.35,0.38,0.6176,5.25,5.5,8.7788,7.1,7.2,4.08,19.19,18.55,2.6565,46,46,28.464,7.5,15,0.6747,75,NA,5.429,6.25,12,5.48,5.32,1,28.35
28/02/2001,2.114,2.114,4.4,1.6694,3.36,3.35,37.518,5.12,5.13,-0.10373859,-1.870378396,-0.336413266,-14.1693832,-0.00938881,0.023795646,-0.004233779,0.015079362,16.9593,4.75,4.97,1.083423619,4.76,4.72,0.923,8.3711,5.5,6.5,288.33,10.9,10.75,86.21,12.25,11.62,117.3,0.35,0.29,0.6187,6.2,5.7,8.9076,7.02,7.19,4.0375,18.45,17.9,2.7056,47,42,28.662,10,12,0.93,41,55,5.4279,7,11,5.2,4.93,1,28.64
31/03/2001,2.2125,2.2125,4.15,1.741,3.27,3.23,39.386,4.87,4.77,0.012074629,0.497684095,0.279532055,4.414238237,0.164478518,0.005476894,-0.094289319,0.032026626,17.7884,4.6,4.85,1.139731023,4.67,4.51,0.8774,8.7095,4.9,5.9,303.77,10.93,10.84,91.97,11.73,11.71,126.2,0.04,0.04,0.6349,4.75,5.6,9.1728,7.1,7.16,4.087,17.2,17,2.7583,42,41,28.773,8,13.5,1,85,46,5.4205,11.5,10.5,5.04,4.75,1,25.48
30/04/2001,2.1954,2.1954,4.75,1.7336,3.05,3.05,38.883,4.82,4.81,-0.107743724,-1.411192926,-0.195303295,2.693295027,0.018637103,0.016084059,-0.103760761,0.063107675,17.596,4.55,4.83,1.126126126,4.75,4.74,0.888,8.429,6,6.5,300.74,11.05,11.05,96.65,12.41,12.3,123.49,0.02,0.03,0.6294,5.05,5.75,9.0951,7.38,7.34,3.96,17.2,16.8,2.823,40,44,28.934,9,11,1.133,85,45,5.4155,20,16,4.31,4.23,1,22.64
31/05/2001,2.2994,2.2994,4.6,1.796,3.18,3.1,40.31,4.94,4.96,0.001942968,0.464236643,0.019291394,15.13557188,0.015114859,0.040087543,0.11826628,0.133060281,18.4894,4.28,4.57,1.182592242,4.51,4.47,0.8456,8.6356,5.38,5.5,299.62,10.8,10.75,104.72,11.89,11.92,119.15,0.03,0.01,0.6349,5.6,5.8,9.3841,6.98,7.13,3.98,17.3,16.65,2.877,44,44,29.144,9,12,1.155,66,67,5.416,8,12.5,4,3.92,1,19.06
30/06/2001,2.2943,2.2943,4.7,1.7935,3.13,3.07,39.876,4.92,4.94,0.066426402,1.142999439,0.420463934,5.161491837,-0.213943434,0.003356358,-0.050477112,0.044840313,18.382,4.28,4.57,1.17674747,4.45,4.37,0.8498,8.6258,4.8,5.2,286.07,10.75,10.46,104.01,12.3,12.2,124.67,0.01,0.01,0.6355,7.25,6.65,9.3165,7.13,7.18,4.005,15.85,15.75,2.916,27,28,29.14,10.5,15,1.25,67,69,5.3,26,17,3.79,3.74,1,21.62
31/07/2001,2.2251,2.2251,5.5,1.726,3.16,3.13,38.769,5.24,5.34,0.082645396,1.261654852,-0.064861602,6.514480081,0.057182255,0.018765735,0.06757155,0.075133325,17.849,4.28,4.57,1.141422212,4.46,4.39,0.8761,8.2123,2.5,3.5,282.46,10.9,10.75,99.8,12.12,12.13,125.03,0.02,0.03,0.6304,6.2,6.5,9.1143,6.98,7.13,4.2558,15.4,15,2.9621,32,30,29.343,10,14,1.31,72,75,5.3415,22,14,3.7,3.61,1,24.92
31/08/2001,2.1398,2.1398,5.25,1.661,3.19,2.97,37.555,5.13,5.3,0.002176745,0.357540534,0.023282881,-2.13636617,0.047045488,0.0131519,0.118183788,0.12465924,17.1639,4.25,4.47,1.096250822,4.25,4.19,0.9122,8.2692,7,7.25,277.53,10.84,10.75,98.43,11.6,11.61,118.75,0.03,0.02,0.6192,4.75,5.75,8.8263,6.85,7.03,4.2367,14.65,14.6,3.0035,30,31,29.42,10,12,1.365,66,69,5.3392,28,30,3.48,3.37,1,31.93
30/09/2001,2.1353,2.1353,4.85,1.6199,2.17,2.19,37.247,5.24,5.25,-0.027686217,0.002063116,0.09966199,-0.027924214,0.177495604,0.002394579,-0.092892442,0.027413029,17.2109,3.67,3.93,1.097213079,3.65,3.57,0.9114,8.269,5.25,6,281.26,10.65,10.5,101.13,11.5,11.39,119.53,0.015,0.02,0.6191,6,5.5,8.865,6.93,6.78,4.226,14.8,14.2,3.048,30,31,29.452,10,12,1.525,64,68,5.31,25,13,2.53,2.48,1,33.56
31/10/2001,2.1623,2.1623,5.5,1.6343,2.07,2,37.326,5.19,5.08,-0.015095943,0.466024586,-0.090670306,4.499511619,0.063930972,0.014179116,-0.028321907,0.109145228,17.3437,3.67,3.93,1.111728738,3.58,3.43,0.8995,8.1874,5,6,283.08,10.65,10.45,104.55,12.12,11.89,122.37,0.02,0.02,0.621,6,6,8.8884,6.87,6.66,4.0885,13.9,13.35,3.1065,29,30,29.718,10,13,1.58,61,64,5.371,9.5,11.25,2.16,2.11,1,24.92
30/11/2001,2.1774,2.1774,4.8,1.641,2,1.91,36.951,4.75,4.75,-0.006855823,1.453800485,0.075142553,7.995472461,0.133446949,0.045637877,-0.306804573,-0.027058751,17.4539,3.17,3.45,1.115822361,3.39,3.32,0.8962,8.2968,4.75,6.5,280.47,9.88,9.79,106.78,11.8,11.52,123.37,0.02,0.02,0.6245,5.7,6.1,8.918,6.87,6.71,4.0618,12,11.95,3.1533,31,31,29.93,12,12,1.474,59,63,5.293,6.75,8.25,2.04,1.97,1,23.8
31/12/2001,2.1845,2.1845,5.5,1.6594,1.62,1.78,35.578,4.73,4.52,-0.085113614,-1.42677181,-0.533682896,-7.008771947,-0.177851031,0.040504714,0.136373329,0.018497066,17.5696,3.17,3.47,1.123090746,3.26,3.24,0.8904,8.2398,3.25,3.5,274.21,9.5,9.15,102.81,12.85,12.35,131.63,0.03,0.05,0.6288,5.25,5.4,8.9459,6.38,6.19,3.96,11.5,11.4,3.174,33,34,30.47,17.5,15,1.44,58,60,5.34,9,11.5,1.8,1.8,1,21.09
31/01/2002,2.2703,2.2703,4.55,1.7194,1.52,1.59,37.089,4.21,4.23,0.029427975,0.85330064,0.257233003,2.083602107,-0.02554172,0.014458657,0.011958344,0.05863586,18.2046,3.17,3.47,1.16522955,3.27,3.28,0.8582,8.7832,2.5,3.5,282.89,8.5,8.35,103.41,12.84,12.39,134.56,-0.03,0.04,0.6437,3.2,3.5,9.1151,6.35,6.28,4.168,10.65,10.2,3.205,30,30.5,30.7,13,15,1.302,56,56,5.352,8.5,11,1.77,1.84,1,21.59
28/02/2002,2.2418,2.2418,4.6,1.6979,1.61,1.67,36.309,4.17,4.17,0.005982602,0.938893093,0.060485859,4.660213705,0.134510369,0.042980871,0.021465607,0.046693904,18.0398,3.17,3.47,1.151543068,3.25,3.27,0.8684,8.5312,2.75,3.25,282.32,8.03,8,100.27,11.55,11.62,133.64,-0.03,0.02,0.6407,3.25,3.7,8.8795,6.42,6.54,4.2227,10.1,9.9,3.2566,32,32,30.957,13,14,1.393,56,56,5.322,12,14,1.76,1.81,1,17.4
31/03/2002,2.2367,2.2367,4,1.6817,1.42,1.54,35.441,4.23,4.18,0.071616329,1.61103001,0.292512024,10.90006765,0.15331933,0.015920905,0.279497401,0.027487116,17.9569,3.17,3.47,1.147446931,3.28,3.36,0.8715,8.4776,2.5,3.3,279.07,8.09,7.99,99.96,10.8,10.9,132.74,0.02,0.03,0.6363,3,3.7,8.8484,6.46,6.51,4.116,10.2,9.95,3.285,32,31,31.207,14.5,14,1.345,52,52,5.318,10,10,1.79,1.95,1,21.91
30/04/2002,2.1659,2.1659,4.2,1.6169,1.41,1.46,33.9,3.65,3.72,0.077236376,1.415305677,0.310413796,11.92510622,-0.000450049,0.053289686,0.177161468,0.046185031,17.3666,3.17,3.47,1.111111111,3.24,3.3,0.9,8.19,2.5,3,269.57,8.3,8.2,93.39,10.4,10.29,128.49,-0.03,0.01,0.627,3,3.4,8.4121,6.46,6.58,3.99,9.85,9.7,3.341,27,27,31.235,13,14,1.338,47,47,5.325,14,10,1.75,1.81,1,19.98
31/05/2002,2.0894,2.0894,3.7,1.5694,1.1,1.16,32.537,3.65,3.73,0.11959702,2.932469553,0.50030746,13.79243976,-0.011325164,0.063974452,0.080593448,0.000934672,16.8009,3.17,3.43,1.071352046,3.29,3.41,0.9334,7.8846,2.3,2.45,259.05,8.6,8.72,91.55,8.9,8.91,124.09,-0.02,0.01,0.6209,2.5,3,8,6.43,6.82,4.016,9.5,9.45,3.35,25,25,31.332,12.5,14,1.432,45,47,5.3295,7,8,1.74,1.8,1,25.4
30/06/2002,1.9704,1.9704,4.75,1.4807,1.09,1.17,29.655,3.58,3.53,-0.01994468,-1.201916155,-0.185632183,-2.71757855,-0.100159588,0.113142754,0.263619135,0.031191376,15.8021,3.17,3.42,1.008572869,3.31,3.35,0.9915,7.3879,1.25,1.5,246.67,8.65,8.76,86.71,8.65,8.55,119.57,-0.03,0.03,0.602,2.7,3.4,7.4894,6.77,6.9,4.052,8.85,8.65,3.344,25,25,31.515,13,14.5,1.575,50,51,5.351,4.1,5.25,1.75,1.77,1,32.03
31/07/2002,1.9907,1.9907,4.5,1.4849,0.7,0.72,30.901,2.95,3,0.005524626,0.019713308,0.083133966,2.984975013,0.072636992,0.018874976,0.209112121,0.040882592,15.9838,3.15,3.38,1.0234367,3.26,3.3,0.9771,7.5705,1.8,2,250.74,9.2,9.25,85.26,7.8,7.83,119.86,-0.03,0.03,0.6034,2.5,3,7.6365,6.92,7.04,4.175,8.55,8.5,3.2887,22,22,31.528,13.25,11,1.685,49,52,5.33,11.25,17.25,1.73,1.73,1,32.64
31/08/2002,1.9856,1.9856,4.65,1.4988,0.61,0.66,30.912,2.94,2.94,0.013182729,0.234966878,0.046650229,4.369309642,0.011309659,0.061957691,0.11697723,0.00542509,15.894,3.15,3.38,1.01853738,3.25,3.27,0.9818,7.4878,1.4,1.9,249.24,9.5,9.41,88.06,7.4,7.29,118.44,-0.02,0.01,0.601,2.75,3,7.512,6.85,6.97,4.125,8.24,8.14,3.32,20,19,31.602,11,13,1.62,44,46,5.329,3,3.75,1.75,1.74,1,39.69
30/09/2002,1.9728,1.9728,3.76,1.4761,0.59,0.59,30.707,2.91,2.75,0.008740445,-0.30371945,-0.121904846,4.453719027,0.127338781,-0.001461817,0.136024172,-0.002274108,15.8469,3.17,3.37,1.013684744,3.22,3.16,0.9865,7.439,1.65,1.9,246.4,9.35,9.4,86.07,6.8,6.55,121.71,-0.05,0.03,0.6024,3,3.3,7.4002,6.94,7,4.135,7.65,7.55,3.304,19,22,31.715,10,12,1.65,46,50,5.329,1.5,2,1.7,1.66,1,31.14
31/10/2002,1.9645,1.9645,3.75,1.4765,0.6,0.65,31.041,2.68,2.69,-0.001045876,0.066854288,0.091675988,6.243163063,0.032650789,0.040720883,0.150594704,0.019406133,15.76,3.15,3.33,1.009591116,3.21,3.17,0.9905,7.5606,1.6,1.75,243.44,9.25,9.25,87.04,6.75,6.37,122.47,-0.02,0.03,0.6038,3,3.3,7.4316,6.94,6.93,4.0273,7,6.85,3.349,20,19,31.787,10,14,1.674,46,47,5.3304,7.25,11,1.62,1.58,1,27.5
30/11/2002,1.9661,1.9661,3,1.4827,0.67,0.64,31.001,2.7,2.66,0.093077045,0.993948086,0.424572121,15.68472187,0.201859632,0.043931878,0.122665724,0.017405602,15.7313,3.13,3.28,1.005732676,3.07,2.96,0.9943,7.4688,1.6,1.6,238.67,9.3,8.15,85.81,5.95,5.9,122.51,-0.07,0.01,0.602,2.5,2.7,7.3228,7.01,6.93,4.012,6.75,6.5,3.355,16,16,31.847,9.5,11.5,1.534,42,42,5.335,9,11.25,1.36,1.3,1,28.62
31/12/2002,1.874,1.874,2.7,1.3812,0.52,0.49,30.041,2.66,2.52,0.059113454,0.831899349,-0.008047573,-0.837557691,0.023514023,0.073643979,0.279396348,0.046350884,14.8916,2.87,2.97,0.952743902,2.82,2.79,1.0496,7.0457,1.6,1.7,224.49,8.1,7.87,80.74,6,5.95,118.74,0.03,-0.08,0.5844,2.25,2.9,6.9285,6.37,6.15,3.8275,6.65,6.65,3.349,15,16,31.93,8,10,1.655,42,44,5.35,9,5,1.28,1.28,1,31.17
31/01/2003,1.8158,1.8158,2.1,1.3634,0.52,0.53,29.243,2.42,2.43,0.008043422,-0.177988125,-0.026749871,2.00464898,-0.074821399,0.043424752,0.436606456,0.028119368,14.576,2.87,2.97,0.928763815,2.75,2.72,1.0767,7.0556,1.5,2,226.55,3.88,6.15,77.27,6,6.02,119.86,-0.05,-0.05,0.5792,2.75,2.75,6.9168,5.88,5.65,3.8205,6.55,6.3,3.311,17.5,17,31.822,8,10,1.645,43,46,5.3365,7.6,12,1.25,1.26,1,29.63
28/02/2003,1.8086,1.8086,2.45,1.3528,0.5,0.48,29.449,2.43,2.3,0.025544307,0.211691656,0.060276628,-0.350107845,-0.167777845,0.015141499,0.267811619,0.036007135,14.458,2.87,2.97,0.926268989,2.53,2.51,1.0796,7.0838,1.7,1.9,225.03,5.7,5.73,77.54,5.2,5.25,118.11,-0.05,-0.02,0.578,2.25,3.5,7.1553,5.5,5.35,3.9116,6.2,6.15,3.3089,13,14,31.557,4,7.5,1.594,42,43,5.3355,9.75,12.5,1.24,1.26,1,29.15
31/03/2003,1.7839,1.7839,2.5,1.3495,0.16,0.23,29.266,2.4,2.3,0.045226073,1.20528058,0.282970589,7.523532672,0.301776519,0.052960817,0.323887044,0.016560517,14.3504,2.6,2.72,0.915667063,2.49,2.44,1.0921,7.0262,1.7,2,226.19,6.18,6.21,76.67,4.95,5.11,117.93,-0.05,-0.05,0.5761,2.4,2.5,7.27,5.43,5.23,4.095,6,5.83,3.3242,15.5,15,31.36,4,6.5,1.711,45,49,5.3355,4,12.7,1.22,1.2,1,21.21
30/04/2003,1.7395,1.7395,3.25,1.3544,0.15,0.17,28.089,2.44,2.39,0.099370895,1.542521305,0.341576231,9.262826314,0.098683909,0.117599902,0.444718221,-0.151828728,13.9952,2.6,2.67,0.894374385,2.49,2.45,1.1181,6.746,1.9,2.3,219.57,6.25,6.07,74.91,4.85,5.02,118.84,-0.06,-0.02,0.571,2.85,3.05,6.9949,5,4.86,3.809,5.65,5.59,3.308,17.7,17,31.107,2,3.5,1.562,41,41,5.331,10,12.4,1.2,1.2,1,19.47
31/05/2003,1.6409,1.6409,3.75,1.2971,0.18,0.22,26.575,2.38,2.29,-0.048745985,-0.838971789,-0.116552063,-18.95148328,-0.160451531,-0.002883307,0.382052758,0.124643671,13.242,2.54,2.58,0.848608282,2.28,2.19,1.1784,6.4083,2,2.4,211.2,6.34,6.33,71.89,4.9,5.02,119.27,-0.05,-0.06,0.5601,2.5,2.7,6.6725,4.93,4.58,3.724,5.4,5.25,3.2323,18.2,17.8,30.6827,3,3,1.425,39,41,5.52,4.5,12.5,1.23,1.19,1,19.52
30/06/2003,1.6902,1.6902,2.5,1.3506,0.13,0.16,27.439,2.19,2.14,-0.041754433,-1.308430071,-0.170155504,-2.325692291,0.035221445,0.018033739,0.114973661,0.123185917,13.6227,2.11,2.17,0.86888522,2.07,2.05,1.1509,6.5289,3.25,3.3,231.02,10.04,9.59,76.19,4.9,5.02,119.76,-0.05,-0.05,0.5656,2.5,2.85,7.2049,3.97,3.53,3.897,5.2,5.2,3.2772,18,17.7,30.345,2,3,1.415,37,39,5.41,11,24.5,1.01,1,1,19.49
31/07/2003,1.7329,1.7329,2.25,1.3701,0.16,0.21,28.774,1.96,1.98,-0.038669885,-0.752544987,-0.080143255,2.141200885,-0.073353195,-0.047290048,-0.185762927,0.046950299,13.9236,2.11,2.17,0.890630566,2.03,2.04,1.1228,6.711,2,2.2,235,9.53,9.51,77.78,4.95,5.06,120.51,-0.05,0.03,0.5734,2.9,3,7.2866,3.46,3.17,3.875,5.2,5.17,3.3019,18.15,18.15,30.2547,4,4,1.4225,34,35,5.3295,13,17,1.01,1.05,1,18.63
31/08/2003,1.7726,1.7726,2.5,1.3995,0.17,0.19,29.549,1.92,1.97,0.10258212,2.224604986,0.338253459,17.61561701,0.028059692,0.139288007,0.000329636,0.011418986,14.2568,2.11,2.17,0.910995718,2.06,2.07,1.0977,6.7966,4.5,4.5,234.45,9.43,9.35,79.95,4.9,4.99,116.89,0.03,-0.1,0.5758,2.95,2.65,7.5088,2.89,2.83,3.9615,5.1,5.03,3.3926,18.25,18.25,30.5141,3.75,4.25,1.3996,30,31,5.3326,4.1,5.5,1.03,1.05,1,22.72
30/09/2003,1.6711,1.6711,3,1.3172,0.08,0.12,27.346,1.93,1.98,-0.009477496,-0.264104722,-0.032708589,-4.587898752,-0.075391763,-0.064322343,0.783820954,0.017635719,13.391,2.09,2.13,0.857780065,2.04,2.05,1.1658,6.4775,7.25,6.5,218.4,9.3,9.09,76.47,4.9,4.91,111.48,0.001,0.03,0.5568,2.75,2.7,7.0392,2.63,2.59,3.9465,5.1,5.1,3.2981,16,16,30.5814,7,0.1,1.3858,28,29,5.3345,5.6,5.75,1,1.03,1,16.1
31/10/2003,1.6815,1.6815,2.5,1.3402,0.1,0.17,27.631,1.97,1.97,0.054400947,0.9783328,0.163860932,7.205156368,0.160943413,0.104107364,0.394966976,-0.08570675,13.4966,2.09,2.13,0.863408738,2.04,2.11,1.1582,6.5427,4.6,5,224.43,10.46,10.3,76.49,4.85,4.86,109.88,-0.05,-0.1,0.5566,3.1,2.6,7.1097,2.54,2.68,4.035,5.3,5.45,3.4007,20.75,20.75,29.945,8.8,7,1.4829,24,24,5.3367,5.1,5.9,1.03,1.09,1,16.32
30/11/2003,1.628,1.628,2.5,1.291,0.12,0.14,26.674,1.97,1.94,0.074773978,1.022153612,0.333423774,12.0640555,0.171025425,0.12520302,0.57188994,0.132437873,13.0448,2.09,2.13,0.83388926,2.01,2.07,1.1992,6.3978,4.5,3.95,218.9,12.3,12.25,74.5,4.85,4.86,109.6,0.005,-0.08,0.5464,3.75,3.75,6.8155,2.67,2.58,3.888,5.35,5.65,3.3475,20.6,20.6,29.7355,4,6,1.459,24,24,5.44,6.4,12,1.05,1.05,1,18.31
31/12/2003,1.554,1.554,2.25,1.2401,0.17,0.18,25.672,1.91,1.93,-0.013317105,-1.018227863,-0.042866369,-0.577109394,-0.108226101,0.064058954,0.733929743,-0.004368089,12.4515,2.09,2.13,0.794533609,2.05,2.04,1.2586,6.0823,5.5,5.5,208.77,12.32,11.74,70.99,4.65,4.86,107.33,-0.1,-0.08,0.5336,3.4,3.25,6.6693,2.18,2.16,3.7305,5.25,5.35,3.272,20.38,20.38,29.235,2,3,1.4011,24,24,5.331,1.05,1.09,1.02,1.06,1,16.63
31/01/2004,1.568,1.568,2.25,1.2577,0.11,0.17,26.709,1.93,1.97,0.010032951,0.676408542,0.095712543,7.762196019,-0.053054139,0.108826132,0.0046,0.00909297,12.5565,2.09,2.13,0.802181935,2.02,2.01,1.2466,6.1472,4,4.5,211.2,12.41,12.48,69.32,4.95,5,105.71,-0.07,-0.09,0.5329,3.7,3.25,7.0132,2.02,2,3.8515,5.15,5.15,3.2561,21.41,21.41,28.5246,1,2,1.3385,23,23,5.3355,2.9,4.1,1,1.03,1,14.55
28/02/2004,1.5587,1.5587,2.25,1.2621,0.18,0.21,26.053,1.96,1.91,-0.021083296,-0.577453318,0.023312884,5.521934502,0.073479081,-0.086169744,0.006,0.042682719,12.5374,2.09,2.14,0.800768738,2.01,1.97,1.2488,6.0665,7.5,7,205.33,12.1,12.14,69.31,5.05,5.03,109.04,-0.08,-0.06,0.5335,3.1,3.25,7.0021,1.72,1.65,3.9175,5.25,5.4,3.1976,21.1,21.1,28.52,1,1.5,1.324,23,23,5.3347,10,12,1,1.03,1,16.74
31/03/2004,1.5805,1.5805,3,1.2653,0.1,0.14,26.651,1.94,1.94,-0.043331943,-0.512197659,-0.135639887,-5.937379108,-0.123348696,0.010287889,-0.473810235,0.008262139,12.7164,2.09,2.14,0.81214976,1.94,1.9,1.2313,6.0748,6,5.75,201.6,11.78,11.38,71.83,5.05,5.12,104.26,-0.06,-0.09,0.5332,3.9,4,6.845,1.69,1.68,3.8575,5.2,5.35,3.3325,20.66,20.66,28.514,1.95,3.7,1.312,20,20,5.3301,2.4,3.9,0.99,1.02,1,17.19
30/04/2004,1.6246,1.6246,3.06,1.2971,0.15,0.2,27.184,1.95,2.01,0.02744828,1.241440758,0.211161911,5.263759091,0.190567809,0.081426793,0.165387821,0.020191128,13.012,2.09,2.14,0.834794223,1.97,1.99,1.1979,6.235,3.3,4,209.25,12.01,11.43,73.65,5,5.2,110.36,-0.11,-0.09,0.5449,3.75,3.3,6.8614,1.78,1.8,3.994,5.5,5.65,3.372,20.85,20.85,29.0103,7,5,1.417,21,21,5.328,4.5,12,0.99,1.07,1,15.5
31/05/2004,1.598,1.598,3.74,1.2541,0.08,0.15,25.964,1.98,2.16,-0.005413679,-0.154098796,0.014243545,1.965745414,0.138894244,0.05552408,0.082311557,0.022256614,12.8301,2.08,2.13,0.820748523,1.98,2.03,1.2184,6.0356,2.2,3.8,205.8,11.13,11,71.53,5.45,5.6,109.48,-0.11,-0.13,0.5393,2.8,3.1,6.7311,1.75,1.78,3.818,5.5,5.75,3.3414,20.46,20.46,28.985,8,5.5,1.487,22,23,5.323,5,6,1,1.19,1,14.34
30/06/2004,1.6042,1.6042,2.51,1.2492,0.38,0.39,26.139,2.18,2.39,-0.022072703,-0.190721905,-0.097590217,0.822638307,0.077315319,-0.046455131,0.085979532,0.035403342,12.8509,2.08,2.12,0.820681165,2.02,2.06,1.2185,6.0273,4.1,4.4,205.48,11.37,11.17,72.48,5.55,5.85,108.86,-0.11,-0.08,0.5398,3,3.45,6.9292,1.69,1.79,3.693,5.75,5.94,3.3353,17,16.5,29.065,6.5,8.5,1.4825,22,22,5.318,7,11,1.28,1.49,1,15.32
31/07/2004,1.6267,1.6267,2.5,1.2814,0.29,0.41,26.349,2.23,2.36,0.022262651,0.239256056,0.08794505,4.114755026,-0.009647938,0.105635927,-0.091256272,0.020295396,13.0145,2.08,2.12,0.832154448,2.04,2.15,1.2017,6.1387,5.6,5,206.29,11.25,10.95,71.7,5.9,6.2,111.43,-0.11,-0.13,0.5438,3.4,3.4,7.0166,1.75,1.8,3.629,6,6.3,3.4221,18.25,17.25,29.101,4,5.25,1.4655,22,22,5.307,7,10,1.43,1.7,1,15.29
31/08/2004,1.6047,1.6047,2.51,1.2659,0.29,0.48,26.127,2.45,2.58,0.032445678,0.785789146,0.010832342,8.603207234,0.154796355,0.092867123,0.149669954,0.014497496,12.837,2.08,2.12,0.820681165,2.02,2.02,1.2185,6.0714,6.9,5.75,203.77,11.13,11.08,71.95,6.1,6.3,109.11,-0.1,-0.06,0.5407,3.5,3.9,6.86,1.71,1.78,3.652,6.55,6.85,3.3605,17.84,17.59,29.253,6.5,5.5,1.4995,21,22,5.3104,7,4.5,1.57,1.71,1,13.34
30/09/2004,1.5723,1.5723,2.2,1.2457,0.48,0.56,25.36,2.45,2.65,0.042858115,0.779285453,0.259391442,6.472796947,0.14528693,0.154096631,0.508683857,0.010508988,12.5853,2.08,2.12,0.804440512,2.03,2.1,1.2431,6.0865,4.5,5.25,196.7,11.02,10.76,70.53,6.5,6.7,110,-0.09,-0.08,0.5371,3.7,3.75,6.7072,1.76,1.8,3.5118,6.55,6.75,3.3095,17.75,17.13,29.2191,2.75,5.25,1.5005,22,21,5.319,2.8,7.59,1.76,1.92,1,16.27
31/10/2004,1.5292,1.5292,2.65,1.1945,0.61,0.69,24.595,2.43,2.54,0.057598013,1.302031344,0.174364108,8.552722451,0.244176132,0.344583764,0.598879023,0.070752823,12.2364,2.08,2.12,0.782472613,2.04,2.1,1.278,5.8406,4.25,5.25,191.66,10.15,9.95,68.9,6.65,7,105.78,-0.05,-0.05,0.5285,3.7,3.7,6.368,1.82,1.83,3.38,6.5,6.65,3.1959,17.5,17.38,28.734,1.5,2.5,1.4685,20,21,5.313,20,10,1.93,2.08,1,13.24
30/11/2004,1.4711,1.4711,2.74,1.1395,0.61,0.6,23.303,2.41,2.49,0.027822794,0.891986487,0.055554033,4.805234404,0.149277979,0.018352696,0.36988479,0.079592616,11.7824,2.08,2.12,0.752388835,2.1,2.11,1.3291,5.6772,3.8,4.65,184.35,9.8,9.64,64.85,7.3,7.5,102.9,-0.07,-0.05,0.517,3.95,4,6.131,1.73,1.75,3.1482,6.6,6.65,2.8894,15,14,28.125,0.25,1.5,1.429,21,21,5.315,20,18,2.2,2.34,1,13.29
31/12/2004,1.4424,1.4424,2.5,1.138,0.59,0.63,22.415,2.39,2.44,-0.059046771,-0.663905063,-0.138948056,-6.506992238,-0.095100909,0.058692302,-0.31245777,0.035263368,11.5499,2.08,2.12,0.737571913,2.09,2.13,1.3558,5.629,4.5,4.75,180.65,9.36,9.16,61.54,8.05,8.4,102.45,-0.14,-0.05,0.5145,3.7,2.9,6.076,1.69,1.74,3.01,6.4,6.4,2.8996,16.35,16.35,27.71,2,4,1.345,19,19,5.307,10.05,12.59,2.33,2.54,1,12.82
31/01/2005,1.5004,1.5004,2.49,1.1888,0.6,0.65,23.08,2.17,2.2,0.022062978,0.681611067,0.13268852,6.980424616,0.187082948,0.160223939,0.356134984,0.040981753,11.992,2.07,2.12,0.767341928,2.06,2.11,1.3032,5.7778,3.9,4.5,188.16,8.83,8.67,61.91,7.95,8.4,103.64,-0.05,-0.02,0.5339,3.8,3.65,6.3634,1.6,1.69,3.1149,6.4,6.45,2.8721,14.75,9.5,28.015,3,3,1.333,18,18,5.304,7,7,2.51,2.66,1,12.08
28/02/2005,1.4771,1.4771,2.51,1.161,0.67,0.7,22.392,2.17,2.09,-0.032713891,-0.778744329,-0.055881363,-7.642944205,-0.202549983,-0.077910381,-0.225066123,0.015354422,11.8055,2.07,2.12,0.755572346,2.05,2.08,1.3235,5.6516,4.5,4.5,182.12,7.96,7.55,60.6,8.45,8.85,104.56,-0.05,-0.02,0.5256,3,3.1,6.2127,1.63,1.81,2.9375,6.25,6,2.739,7,8,27.67,1.5,2.25,1.2805,18.25,17.6,5.282,6,7,2.65,2.86,1,14.02
31/03/2005,1.5084,1.5084,2.2,1.1961,0.71,0.7,23.162,1.94,1.96,-0.012239619,-0.559458885,0.002018864,-4.72747741,-0.157644569,0.021532591,0.098518317,0.271826694,12.0592,2.07,2.12,0.771545405,2.08,2.11,1.2961,5.7159,3.5,4.3,190.53,7.67,7.44,60.57,8.6,9,107.09,-0.11,-0.03,0.5367,2.4,2.5,6.3345,1.77,1.83,3.1485,6,5.6,2.8264,6.5,6,27.8691,3,2.95,1.3505,16,16,5.2808,3,3,2.76,3.05,1,15.31
30/04/2005,1.5191,1.5191,2.35,1.1949,0.67,0.72,23.706,1.75,1.71,-0.071456747,-0.963492073,-0.232546034,-9.495695274,-0.064017215,-0.117560057,-0.483522153,-0.074293663,12.1598,2.07,2.12,0.776940409,2.05,2.09,1.2871,5.7173,2.6,2.95,196,7.42,7.31,63.21,8.6,9.05,104.66,-0.11,-0.02,0.5407,2.45,2.5,6.3083,1.72,1.83,3.3143,5.35,5.29,2.8133,7.2,6,27.776,2,3.25,1.389,15.4,15,5.01,0.75,1.5,3.02,3.14,1,13.29
31/05/2005,1.5887,1.5887,2.63,1.2474,0.63,0.63,24.645,1.66,1.66,-0.028915354,-0.223273061,-0.098236731,2.910050367,0.038769335,-0.026414295,-0.392598566,0.076761011,12.7059,2.05,2.09,0.812413681,2.05,2.07,1.2309,5.9479,3,4,206.18,7.1,7.15,64.77,8.6,9.05,108.5,-0.03,-0.02,0.5652,2.45,2.55,6.4506,1.78,1.91,3.3845,5.31,5.21,2.9402,7.35,6.75,28.2365,3,3.5,1.362,14.75,14.5,5.075,3.5,5.5,3.07,3.27,1,12.04
30/06/2005,1.6157,1.6157,2.6,1.2813,0.62,0.64,24.84,1.65,1.66,0.001714132,-0.06490817,0.03284502,2.605554019,0.004509992,0.087254841,0.055929551,-0.015881112,12.9467,2.04,2.07,0.826446281,2.06,2.1,1.21,6.0458,3.7,3.25,203.93,6.77,6.58,64.96,9.05,9.15,110.8,-0.09,-0.05,0.5747,2.35,2.5,6.5283,1.9,1.97,3.3518,4.81,4.45,2.9766,7.2,6.5,28.6275,5,4.5,1.328,14.35,14.45,5,1.1,1.3,3.28,3.43,1,11.57
31/07/2005,1.6118,1.6118,2.15,1.2886,0.68,0.71,24.872,1.69,1.7,0.023867744,1.056059535,-0.001893856,4.766184926,0.101333775,0.066305787,0.147126594,0.029132261,12.8966,2.02,2.07,0.824402308,2.07,2.09,1.213,6.015,4.3,4.5,201.89,6.5,6.39,64.72,9.05,9.15,112.51,-0.03,-0.02,0.5738,2.3,2.4,6.487,1.89,1.98,3.3514,4.45,4.35,2.8986,7.35,7.5,28.611,4.5,4.5,1.3234,14.35,14.45,5.007,4,6,3.47,3.65,1,12.6
31/08/2005,1.5855,1.5855,2.25,1.2527,0.65,0.66,23.78,1.65,1.71,-0.042479621,-0.847434428,-0.136126121,-9.29535399,-0.00634004,-0.115595883,-0.03260067,-0.066860439,12.6864,2.02,2.06,0.810175808,2.04,2.08,1.2343,6.0209,5.5,5.5,197.61,6.1,5.84,62.49,9.05,9.15,110.61,-0.05,-0.02,0.5637,2.5,2.5,6.3703,1.85,2.09,3.2527,4.38,4.37,2.8412,4.25,5.5,28.4875,2.5,4.05,1.3425,14.25,14.35,4.98,4,4.9,3.59,3.75,1,11.92
30/09/2005,1.6254,1.6254,2.1,1.2932,0.69,0.74,24.59,1.69,1.74,-0.008665282,-0.145047747,0.026052426,-1.166973479,-0.044472973,-0.091205366,-0.089911572,0.043290084,13.0123,2.02,2.06,0.8313243,2.05,2.11,1.2029,6.1662,3.75,4,207.3,5.88,5.96,61.01,9.7,9.85,113.49,-0.02,-0.03,0.5784,2.3,2.35,6.5398,1.99,2.24,3.2611,4.5,4.4,2.9583,2.5,3.5,28.495,2.5,4.05,1.344,14.75,14.5,5.0485,7,9,3.8,3.99,1,15.32
31/10/2005,1.6312,1.6312,2.5,1.2888,0.67,0.77,24.693,1.99,2.18,-0.030668074,0.113280798,-0.122218918,-5.563176486,-0.00690623,-0.060843922,-0.270867827,-0.01971452,13.0453,2.02,2.06,0.83423709,2.09,2.22,1.1987,6.1399,3.6,3.8,208.81,5.94,5.9,60.84,9.85,10.05,116.38,-0.02,-0.02,0.5806,2.4,2.4,6.5024,2.21,2.27,3.3074,4.33,4.37,3.0464,1.5,1.5,28.555,3,3.95,1.35,14,14,5.018,4.6,7,4.03,4.21,1,12.06
30/11/2005,1.6587,1.6587,2.5,1.3149,0.86,0.96,24.539,1.98,2.13,0.003850887,-0.039586235,0.0313346,1.929642103,0.070688335,-0.006856432,0.092383191,0.009945232,13.2708,2.11,2.23,0.848392297,2.33,2.41,1.1787,6.26,3.5,3.75,214.69,5.93,6.12,63.08,9.85,9.9,119.8,-0.02,-0.02,0.5904,2.25,2.35,6.7358,2.27,2.35,3.3151,4.49,4.53,3.101,5.75,4.9,28.8022,5.5,5.15,1.355,13.4,13.4,5.04,8,8,4.23,4.35,1,12.07
31/12/2005,1.6514,1.6514,2.4,1.3135,0.83,0.96,24.534,1.97,2.13,0.038945569,1.201092611,0.192706391,6.28016162,0.099703603,0.143873103,0.635357237,-0.017598438,13.2259,2.26,2.35,0.844594595,2.35,2.43,1.184,6.225,3.25,3.5,213.05,5.93,6.14,63.04,10.05,10,117.92,-0.05,0.03,0.5875,3.5,3.5,6.7435,2.28,2.34,3.2451,4.43,4.41,3.1116,4.5,5,28.7389,5,5,1.35,13.25,13.5,5.045,3.5,10,4.39,4.52,1,12.95
31/01/2006,1.6088,1.6088,2.55,1.2779,0.84,0.97,23.285,1.96,1.93,-0.035421085,-0.516624214,-0.101996661,-5.003428303,-0.027004632,0.060838104,0.089536059,0.006810083,12.8473,2.28,2.37,0.822774395,2.34,2.5,1.2154,6.0266,3,3,207.03,5.87,6.11,62.36,10.2,10.15,117.22,-0.02,-0.02,0.5726,3.5,3.6,6.6449,2.24,2.35,3.1455,4.15,4.15,2.968,5.5,5.5,28.1175,4.4,4.55,1.3215,13.25,13.4,5.059,6,9,4.55,4.68,1,12.34
28/02/2006,1.6404,1.6404,2.55,1.3119,0.96,1.1,23.753,1.9,1.89,0.022807141,0.237669118,0.058461071,-5.109738277,-0.064520305,0.011784381,0.283970206,-0.000310337,13.1199,2.28,2.37,0.83899656,2.55,2.61,1.1919,6.1211,2.5,2.75,212.25,5.83,5.99,65.14,10.2,10.25,115.75,-0.02,0.02,0.5838,3.4,3.3,6.7453,2.32,2.51,3.1715,3.98,3.94,2.9094,7.5,7,28.0246,3,5,1.313,13.2,13.2,5.058,5,6.5,4.58,4.73,1,11.39
31/03/2006,1.6137,1.6137,2.7,1.3037,1.11,1.16,23.464,1.96,2.07,0.061791769,0.879900737,0.270188639,9.516020714,0.174312317,0.160766474,0.437974511,0.060924748,12.9019,2.53,2.67,0.825286787,2.61,2.79,1.2117,6.0524,2.75,2.5,217.57,5.85,6.16,71.61,10.9,11,117.66,0.01,0.07,0.5741,2.4,3.1,6.5513,2.68,2.63,3.2345,4,4,2.9043,6.5,6.9,27.7051,4,4.95,1.3425,13.2,13.2,5.06,5,8,4.77,4.95,1,11.59
30/04/2006,1.5478,1.5478,2.9,1.2386,1.21,1.27,22.531,1.96,2.01,0.016818497,0.415261303,0.101911357,3.413268782,-0.020789293,-0.00165683,0.256295209,-0.002052449,12.389,2.53,2.67,0.79151496,2.63,2.82,1.2634,5.7724,2.5,2.6,208.24,5.85,6,74.01,10.95,11.55,113.83,0.02,0.05,0.5506,3,3.7,6.1365,2.62,2.68,3.0582,4,3.98,2.7475,7.55,7,27.2501,4.5,5.5,1.3215,12.25,12.25,5,7,7,4.98,5.08,1,16.44
31/05/2006,1.5267,1.5267,2.75,1.2186,1.21,1.35,22.061,1.96,2,-0.006534068,-0.248819265,-0.013725792,-15.91006482,-0.099949798,-0.035802579,0.019203003,0.017584718,12.1948,2.58,2.7,0.780640125,2.76,2.89,1.281,5.659,2.25,3,204.97,5.79,5.9,71.83,11.55,11.7,112.58,0.08,0.25,0.5428,4.2,4.2,6.0816,2.83,2.87,3.0766,4.01,4.02,2.7547,7.5,7.5,26.9834,0.15,4.04,1.572,12.9,13,5.01,7,7.5,5.05,5.19,1,13.08
30/06/2006,1.5289,1.5289,3.01,1.2224,1.32,1.45,22.255,1.98,2.1,-0.00763952,-0.094335496,-0.022965463,8.258115358,0.084088884,0.027788581,0.030061026,-0.032138485,12.2435,2.8,2.92,0.782105428,2.87,3.03,1.2786,5.66,3.25,3.5,221,6.15,6.85,75.97,11.75,12.3,114.43,0.15,0.32,0.544,3.2,3.75,6.2263,2.78,2.91,3.174,3.95,3.99,2.7958,7.9,7.85,26.857,3.9,4.6,1.582,19,19.9,5.0001,6,4,5.3,5.44,1,14.95
31/07/2006,1.5319,1.5319,3.15,1.2314,1.38,1.51,22.29,2.21,2.31,0.00029472,0.206865416,-0.048356136,-2.980637401,0.001485667,0.022876784,-0.056358486,0.011103908,12.2493,2.8,2.95,0.783576242,2.99,3.13,1.2762,5.6737,3,3.5,212.89,6.6,6.88,72.68,12.35,12.5,114.67,0.3,0.34,0.545,4.2,4.3,6.1562,2.82,2.97,3.0865,3.96,4.01,2.7737,8.2,8.5,26.797,1.32,3.8,1.4966,18.3,18.5,5.035,5,7,5.35,5.43,1,12.31
31/08/2006,1.5269,1.5269,3.2,1.2309,1.46,1.61,22.027,2.21,2.25,-0.020911853,-0.325255228,-0.124959345,1.273574256,-0.055163086,-0.019633359,-0.088856767,-0.016646566,12.2276,3.05,3.14,0.780883961,3.06,3.23,1.2806,5.7114,3.25,3.5,216.08,6.95,7.38,69.14,12.75,13.1,117.34,0.27,0.33,0.5433,2.5,3.4,6.3205,3.01,3.12,3.0816,3.95,4,2.757,8,8,26.7664,1.7,3.34,1.4627,18.1,18.1,5.0225,6,7,5.28,5.33,1,11.98
30/09/2006,1.5432,1.5432,3.29,1.2504,1.63,1.74,22.298,2.47,2.53,0.006383856,0.250139143,0.058049048,11.38776712,0.101831516,0.033373631,-0.006174752,0.009944385,12.3304,3.05,3.17,0.788767944,3.24,3.39,1.2678,5.8271,3.4,3.45,215.09,7.5,7.93,70.11,13.2,13.35,118.17,0.32,0.37,0.549,4.6,4.75,6.5378,3.17,3.3,3.1335,3.95,4.04,2.7825,8.75,8.75,26.7782,1.28,3.39,1.513,19,19.25,5.042,6,7,5.26,5.31,1,11.1
31/10/2006,1.5322,1.5322,3.46,1.2438,1.61,1.78,21.998,2.45,2.6,0.050639257,0.927974321,0.199888884,11.00077058,0.145237258,0.179069069,0.415289834,-0.016917916,12.2525,3.28,3.35,0.783637646,3.33,3.52,1.2761,5.7604,3.25,3.5,204.08,7.8,7.94,67.63,14.1,14.15,116.94,0.3,0.37,0.5452,2.9,4.2,6.5336,3.34,3.38,3.0284,3.96,4.05,2.7567,8.75,8.75,26.6985,3.6,4.96,1.4565,18.75,19,5.035,4.75,7,5.23,5.27,1,10.91
30/11/2006,1.477,1.477,3.57,1.1988,1.79,1.9,21.021,2.46,2.52,-0.00897483,0.154156212,-0.030790727,3.591425894,-0.023658608,0.029979502,-0.086721236,-0.010690162,11.8051,3.34,3.45,0.755287009,3.54,3.6,1.324,5.5514,2.5,3.25,193.49,7.69,7.89,68.21,14.35,14.3,115.78,0.36,0.45,0.5268,2.55,3.8,6.1577,3.43,3.51,2.8801,3.95,4.01,2.5852,8.6,8.25,26.2485,4.51,5.23,1.4535,18.3,19.15,5.05,2.11,7.5,5.24,5.27,1,11.56
31/12/2006,1.4815,1.4815,3.7,1.218,1.96,2.03,20.82,2.43,2.45,-0.026706394,-0.788231759,-0.08822122,-4.900081096,-0.09652576,-0.049797199,-0.218637077,-0.005040256,11.8597,3.57,3.62,0.757805396,3.57,3.65,1.3196,5.57,3.5,3.7,190.27,7.81,7.89,71,15.6,14.9,119.04,0.37,0.48,0.5279,2.6,3.8,6.232,3.52,3.76,2.9008,3.95,3.96,2.562,7,7,26.32,3.02,4.71,1.415,18.25,18.9,5.048,5,6,5.26,5.29,1,10.42
31/01/2007,1.5037,1.5037,3.72,1.2436,1.98,2.11,21.561,2.47,2.49,0.021641536,0.195616853,0.090788139,3.671336203,0.041672902,0.049315348,0.349749821,-0.003669254,12.0276,3.56,3.67,0.767283051,3.56,3.73,1.3033,5.6504,2.9,3.2,195.55,7.76,8.01,68.28,14.9,14.85,120.65,0.31,0.38,0.534,2.95,3.8,6.2389,3.71,3.89,2.9943,4,4.05,2.6153,5.81,5.24,26.4915,4.11,5.52,1.406,17.7,17.95,5.052,3,5,5.27,5.26,1,15.42
28/02/2007,1.4775,1.4775,3.75,1.2186,2.05,2.16,21.317,2.44,2.49,0.008700934,0.320813784,0.017491811,7.199847673,0.052165028,0.066709773,0.137700645,0.013460053,11.8265,3.64,3.78,0.755686541,3.68,3.79,1.3233,5.5489,3.25,3.35,192.26,7.85,8,66.15,15,15,118.44,0.61,0.64,0.5332,4,4.7,6.1304,3.88,4.11,2.9496,4.01,4.06,2.5671,7,6.21,26.1173,4.46,5.62,1.412,17.6,17.95,5.0465,5,7,5.26,5.27,1,14.64
31/03/2007,1.4643,1.4643,3.86,1.2155,2.13,2.22,20.948,2.46,2.5,0.028294669,0.257981044,0.127548423,4.517687638,0.116757254,0.073699215,0.287520273,0.010473117,11.6992,3.81,3.86,0.748895379,3.81,3.87,1.3353,5.5225,4.55,4.6,185.45,7.8,7.71,65.81,13.45,13.65,117.78,0.61,0.62,0.5311,6.75,6,6.0898,4.08,4.21,2.8945,4.01,4.12,2.5039,6.62,6,25.963,5.42,5.89,1.39,17.6,17.7,5.032,2.1,5.5,5.2,5.29,1,14.22
30/04/2007,1.4316,1.4316,3.95,1.2073,2.12,2.27,20.644,2.45,2.61,-0.026356597,-0.394681826,-0.048791879,-4.113262957,-0.056696778,0.012280609,-0.217049676,-0.030853657,11.4542,3.98,4.1,0.732869183,3.79,3.95,1.3645,5.3921,3.7,3.5,181.31,7.65,7.6,64,13.85,13.9,119.44,0.6,0.64,0.5111,7.5,7.5,5.9492,4.11,4.33,2.775,4.26,4.3,2.433,7.4,7.26,25.68,4.58,5.32,1.363,17.85,18,5.009,3,5,5.21,5.26,1,13.05
31/05/2007,1.4536,1.4536,4.05,1.2249,2.3,2.39,20.993,2.75,2.8,0.005002644,-0.275349546,0.044001067,4.089588253,0.043639366,0.11918976,0.126128581,0.022107457,11.6288,4.03,4.13,0.74343915,3.96,4.05,1.3451,5.4344,4.4,4.5,185.77,7.68,7.59,61.56,13.55,13.6,121.71,0.58,0.64,0.5171,6.4,7.3,6.0307,4.26,4.51,2.8296,4.25,4.37,2.4249,6.83,6.83,25.8842,3.44,4.58,1.315,17.85,18.1,5.031,3,3.75,5.21,5.27,1,16.23
30/06/2007,1.4442,1.4442,4.3,1.2214,2.56,2.65,21.227,2.73,2.98,0.009551558,0.668839403,0.053305557,-2.157592668,0.008930871,0.006398784,0.140966173,-9.06E-05,11.5592,4.16,4.19,0.738497895,4.04,4.08,1.3541,5.3869,8,8,182.04,7.6,7.47,62.19,13.55,13.65,123.14,0.58,0.72,0.5138,5.5,6.5,5.886,4.45,4.68,2.7838,4.47,4.55,2.3088,6.59,6.47,25.7215,4.12,4.79,1.312,17.8,18,5,5.5,3,5.27,5.3,1,23.52
31/07/2007,1.4302,1.4302,4.45,1.2009,2.5,2.65,20.515,2.95,3.15,-0.009021717,0.190937213,-0.023717826,-1.68740321,-0.030062329,-0.085744444,-0.108205263,-0.042153457,11.4277,4.16,4.21,0.731421884,4.03,4.21,1.3672,5.3451,4.7,5,184.53,7.43,7.37,61.17,13.9,13.9,118.38,0.57,0.72,0.5092,3.75,5.55,5.8295,4.61,4.78,2.7731,4.47,4.6,2.3048,5.85,5.99,25.557,4.57,4.96,1.2823,17.8,17.56,5.001,1.75,6.5,5.27,5.3,1,23.38
31/08/2007,1.4348,1.4348,4.7,1.2086,2.66,2.82,20.286,3.2,3.38,0.059309345,0.985772032,0.266686653,12.10938598,0.157912697,0.054211722,0.827142813,0.000985415,11.4797,4.38,4.6,0.733783387,4.4,4.66,1.3628,5.3664,4.3,5,186.53,7.55,7.57,63.64,14,14,115.76,0.75,0.9,0.5119,7,7.5,5.8283,4.8,5.09,2.8014,4.74,4.84,2.3916,6.09,6.3,25.651,6.22,6.72,1.2986,17.7,17.8,5.029,3.5,5.25,5.5,5.58,1,18
30/09/2007,1.3708,1.3708,5,1.1641,2.48,2.7,19.263,3.28,3.44,0.01593594,0.639369113,0.02905932,2.219059322,0.141629024,0.039071952,0.231811142,-0.038572389,10.9654,4.37,4.65,0.700574471,4.31,4.73,1.4274,5.0946,6.5,5.6,174.72,7.32,7.05,61.61,13.95,13.95,114.74,0.73,1,0.4937,10.25,11,5.3906,5.1,5.2,2.6418,4.82,4.96,2.3385,6.7,6.6,24.8384,8.25,8.27,1.2038,17.3,17.35,5.02,3.5,5.5,5.14,5.2,1,18.53
31/10/2007,1.3507,1.3507,5.3,1.1581,2.21,2.68,18.595,3.31,3.49,0.010441957,0.662632596,0.076472356,0.519270046,0.033978587,-0.065534083,0.262607482,-0.020125937,10.8172,4.39,4.62,0.690607735,4.08,4.45,1.448,5.071,6.5,6,172.8,7.25,7.15,59.68,13.3,13.4,115.29,0.58,0.82,0.4848,7.6,10.5,5.3659,5.12,5.37,2.4995,4.75,5,2.3023,7.35,7.5,24.667,6.54,7,1.1617,16.5,16.4,5.052,2,3.75,4.61,4.81,1,22.87
30/11/2007,1.3367,1.3367,5.5,1.1322,2.65,2.67,17.913,3.83,3.84,-0.0077084,-0.273847922,-0.015624607,0.078594121,-4.67E-06,-0.095371418,-0.099014603,0.015897906,10.6403,5,5.35,0.683480282,4.68,4.73,1.4631,5.0021,7,6,172.64,7.13,7.18,61.25,13.9,14,111.18,0.9,0.86,0.4784,6.3,9.8,5.5435,5.65,5.7,2.4658,5.25,5.39,2.3728,7.15,7.25,24.442,6.63,6.39,1.183,16.15,16.1,5.0615,5,7,5.15,4.94,1,22.5
31/12/2007,1.3403,1.3403,5.29,1.1335,2.25,2.55,18.168,3.96,4.11,0.020949777,0.669171961,0.171190904,-0.03623896,0.046549218,-0.030044718,0.128322044,-0.008722597,10.7253,5.52,5.78,0.68544794,4.18,4.48,1.4589,5.025,7,6.5,172.83,6.95,7.26,62.78,13.9,13.95,111.33,0.6,0.87,0.4772,6.25,8.9,5.4347,5.55,5.6,2.466,5.22,5.45,2.4719,7.75,8,24.5695,4.62,5.55,1.1655,15.8,15.85,5.045,6,6.5,4.43,4.69,1,26.2
31/01/2008,1.316,1.316,5.6,1.0805,2.35,2.5,17.492,3.63,3.77,0.025872162,0.985607772,0.095872698,0.067197856,0.103089939,0.055357005,0.458119771,0.020033726,10.5367,4.98,5.5,0.672721157,4.08,4.24,1.4865,4.864,8,7.75,173.21,7.29,7.11,64.79,13.8,13.6,106.35,0.58,0.79,0.4688,6.7,7.25,5.4056,5.31,5.45,2.421,5.18,5.43,2.5084,8.5,8,24.4449,4.61,5.28,1.1677,15.2,15.65,5.06,5,6.8,3.02,3.06,1,26.54
28/02/2008,1.2883,1.2883,5.6,1.041,2.52,2.64,16.515,3.75,3.88,0.046454193,0.56965661,0.188761546,9.398310241,0.099274019,0.116367982,0.590506258,0.074257716,10.3073,4.78,5.37,0.658804928,4.11,4.29,1.5179,4.7873,6,6,173.73,7.36,7.55,66.04,13.75,13.4,103.85,0.75,0.91,0.459,4,6,5.211,5.49,5.8,2.3221,5.41,5.75,2.4639,9.75,10.25,24.018,6,6.2,1.22,15.45,15.65,5.048,7,6,2.95,2.84,1,25.61
31/03/2008,1.2401,1.2401,5.67,0.9934,2.5,2.95,15.956,3.85,4.06,-0.013648524,-0.174797878,-0.031270711,4.427193714,0.02529874,0.021044232,-0.144375772,0.169940565,9.906,4.8,5.15,0.634034999,4.23,4.63,1.5772,4.6102,5,6,164.94,7.61,7.91,75.78,15,14.9,99.81,0.63,0.88,0.4424,3.6,5.4,5.0946,5.61,5.85,2.2274,5.81,5.96,2.3607,10.3,9.75,23.486,5.25,5.75,1.3342,15.86,16.02,4.99,9,7.5,2.67,2.75,1,20.79
30/04/2008,1.2523,1.2523,5.95,1.0353,2.3,2.71,16.146,3.81,4.1,-0.006582109,0.08316025,0.003212732,6.987825004,0.046681529,0.042234618,0.03552045,0.129730723,10.0517,4.85,5.12,0.640368852,4.3,4.76,1.5616,4.6501,5,5.5,161.16,8.03,8.11,74.79,15.65,15.65,103.92,0.6,0.92,0.4467,3.5,5,5.0832,6.08,6.15,2.2077,6.02,6.1,2.3538,11.3,11.2,23.679,5,7.25,1.2742,16.21,16.85,4.845,12,12.2,2.8,2.85,1,17.83
31/05/2008,1.2573,1.2573,5.93,1.042,2.25,2.68,16.076,3.86,4.06,0.014822604,0.935667901,0.070716398,6.421433345,0.04950008,0.031249517,0.268642278,0.262571766,10.0545,5.05,5.35,0.643004115,4.42,4.78,1.5552,4.6551,4.8,5.75,154.84,8.38,8.61,74.31,15.7,15.7,105.5,0.64,0.9,0.4504,4.3,5.2,5.1028,5.71,6.03,2.1667,5.9,6.21,2.3272,10.8,10,23.6853,3.95,4.88,1.2181,16.62,17.15,4.75,14.8,14,2.5,2.67,1,23.95
30/06/2008,1.2412,1.2412,6.04,1.0207,2.17,2.76,15.158,3.8,4.12,-0.013737138,-0.150578165,-0.028717697,0.037805312,0.07065153,0.073571351,0.031559826,-0.067752741,9.9256,5.23,5.57,0.634719137,4.33,4.86,1.5755,4.593,5,3.76,149.14,7.93,8.2,78.98,15.8,15.85,106.09,0.59,0.93,0.4472,3.7,5.9,5.087,5.79,6.25,2.1231,6.02,6.25,2.3111,11.23,11.25,23.4444,3.39,4.78,1.2232,17.44,18.13,4.5325,16.799999,14.8,2.46,2.81,1,22.94
31/07/2008,1.2537,1.2537,6.13,1.047,2.13,2.71,15.325,3.72,3.9,-0.080257082,-1.481632432,-0.234921674,-10.08199132,-0.195198632,-0.131564436,-1.134256517,-0.004895137,10.0292,5.32,5.65,0.641025641,4.37,4.85,1.56,4.6311,4.7,5.8,149.75,7.93,7.92,79.21,15.85,15.85,107.82,0.52,0.9,0.4513,3.8,5.4,5.1245,5.69,6.12,2.0585,6,6.35,2.2534,11.7,11.7,23.4305,4.5,4.43,1.1603,17,17.3,4.65,6,7.5,2.48,2.82,1,20.65
31/08/2008,1.3327,1.3327,6.13,1.098,2.1,2.64,16.822,3.61,3.72,-0.047363111,-0.503524408,-0.15111716,-10.11399039,-0.137377839,-0.238328846,-0.942322018,-0.367010387,10.662,5.32,5.65,0.679532482,4.42,4.85,1.4716,4.8743,5.1,6,160.48,8.18,8.36,83.26,15.85,15.85,108.31,0.5,0.88,0.479,3.8,5.95,5.402,5.82,6.28,2.2595,6.06,6.25,2.4012,12.43,12.36,24.6029,6.84,7.14,1.1839,16.7,17.2,4.668,12,13.5,2.4,2.88,1,39.39
30/09/2008,1.3789,1.3789,6.56,1.1211,2.61,2.7,17.342,3.6,3.88,-0.160425007,-1.533804666,-0.578254039,-28.57644581,-0.368869725,-0.204516048,-1.353148892,-0.793855186,11.0929,5.32,5.62,0.709119274,4.92,5.18,1.4102,5.036,8,7.5,171.33,8.8,8.6,105.94,15.85,15.85,106.03,0.7,1.01,0.5011,6.2,6.7,5.8602,8.43,7.69,2.4035,6.2,6.42,2.6583,13.1,13.25,25.6324,8.97,10.03,1.2746,17.45,17.75,5.07,11.1,14,4.45,4.33,1,59.89
31/10/2008,1.5359,1.5359,6.82,1.1576,1.5,2.73,18.864,3.8,3.88,-0.004959285,-0.993103616,0.054812556,-1.485482997,-0.180132224,-0.068876157,-0.538830549,-1.517821595,12.2853,6.07,6.47,0.785545954,4.45,4.71,1.273,5.6283,11,10,200.49,8.3,8.58,120.68,18.25,18.25,98.44,0.75,0.85,0.557,8.4,9.6,6.714,5.54,6.24,2.7757,6.2,6.6,2.8805,14.1,14,27.0762,16,16.7,1.5391,18.8,20.6,5.89,18.4,18.4,2.3,2.75,1,55.28
30/11/2008,1.5399,1.5399,6.8,1.2127,0.6,1.17,19.88,3.71,3.98,0.142225152,0.801389233,0.370598916,15.63178936,0.014467818,0.121896559,-2.395546527,-0.189179753,12.3181,6,6.92,0.786720164,3.45,3.82,1.2711,5.6119,9.5,8.5,202.93,7.7,9.05,142.34,18.35,18.3,95.54,0.9,1.91,0.5581,13,13.3,7.021,5.84,5.66,2.9645,6.12,6.36,2.9757,13.73,13.73,27.9001,12,14.5,1.5614,18.2,18.8,7.48,25,25,1.52,3.43,1,40
31/12/2008,1.3977,1.3977,6.4,1.0669,0.33,0.71,19.114,3.35,3.35,-0.128505835,-2.547612257,-0.432749359,-42.11544328,-0.502524426,-0.441730293,-4.829973337,0.148848385,11.1833,6.13,6.67,0.71540993,2.47,2.85,1.3978,5.2768,7,7.5,188.3,9.75,9.75,121.07,18.25,18.2,90.6,0.4,0.67,0.5056,11.5,9,6.9453,3.49,3.48,2.961,5.35,5.6,2.8821,12.7,12.6,30.525,16,18,1.54,15.5,16.3,7.8,5,18,0.45,1.54,1,44.84
31/01/2009,1.5273,1.5273,5.26,1.1607,0.26,0.35,21.707,2.13,2.28,-0.014265558,-0.39089347,-0.016124731,-2.742216019,-0.168916789,-0.003521835,0.294823779,-0.783093416,12.2181,5.62,6.05,0.780031201,1.2,1.7,1.282,5.7374,10,9,231.81,7.07,7.37,113.92,18.25,18,89.92,0.28,0.68,0.5447,4.3,6.6,6.9056,2.55,3.07,3.4753,4.3,4.64,3.3516,13.75,13.62,35.7233,17,27.05,1.6428,12.8,13.3,7.68,8,18,0.39,0.95,1,46.35
28/02/2009,1.543,1.543,5.51,1.1698,0.27,0.5,22.129,2.15,2.14,0.068717818,1.525337199,0.253251072,5.389910259,0.178555449,0.230244643,2.379852342,0.784506788,12.3415,5.5,5.98,0.789577576,0.92,1.4,1.2665,5.7974,16,10,235.8,9.25,9.27,113.55,18,17.5,97.6,0.61,0.78,0.5591,5.5,7.5,7.0232,2.4,2.66,3.6553,4,4.3,3.3902,13.9,13.9,35.8872,16.5,19.5,1.6996,11.75,12.1,8.51,47,44,0.43,0.95,1,44.14
31/03/2009,1.4757,1.4757,4.93,1.1388,0.2,0.72,20.635,2.2,2.34,-0.001909309,0.460494228,0.06110909,15.66998144,0.156926846,0.048559937,1.116857687,0.183933929,11.8078,5.57,5.92,0.754716981,1.12,1.51,1.325,5.6142,11,10.2,232.07,9,9,123.29,16,15.25,98.84,0.28,0.48,0.5352,5.7,9.9,6.7304,2.45,2.55,3.4874,3.5,3.94,3.1957,11,12.75,33.954,10.98,10.6,1.6615,10.7,11.1,8,14,20,0.58,1.33,1,36.5
30/04/2009,1.4787,1.4787,4.76,1.1407,0.15,0.57,20.202,2.2,2.35,0.09896833,1.268265497,0.447665295,20.7059306,0.174533582,0.247500279,2.588341175,0.366088266,11.8283,4.78,5.47,0.756086496,0.87,1.37,1.3226,5.5994,8,9.3,217.96,8.2,8.2,127.37,14,13,98.56,0.23,0.65,0.5359,8.3,11.7,6.556,1.97,2.4,3.3388,3.49,4.08,3.1735,11.23,11.96,33.1167,11,11,1.5978,9.75,9.95,7.9,11,15,0.44,0.98,1,28.92
31/05/2009,1.381,1.381,4.7,1.0673,0.05,0.37,18.963,1.65,2.05,-0.011019809,0.47377052,0.052645324,6.090927839,0.013784961,-0.0175956,-0.161405133,-0.073682144,11.0498,4.65,5.32,0.707363656,0.85,0.9,1.4137,5.1857,8.6,9,198.61,9.28,9.39,121.36,8.5,7.5,95.23,0.18,0.45,0.5006,15.6,15,6.2879,1.6,1.94,3.1726,3.76,4.37,2.9531,10,10.5,30.8054,8,9.5,1.5307,9.25,9.4,7.6,7,9,0.26,0.66,1,26.35
30/06/2009,1.3933,1.3933,4.3,1.0855,0.12,0.37,18.511,1.6,1.87,0.022994102,0.630337766,0.044780632,8.946154732,0.27228094,0.060442966,-0.0808894,-0.103773567,11.1466,4.2,4.9,0.712606,0.67,0.99,1.4033,5.1677,8,8.5,193.95,9.35,9.39,127.16,8.8,7.75,96.31,0.18,0.22,0.5006,12,12.1,6.4269,1.23,1.53,3.1679,3.5,4.2,2.9936,9.28,9.45,31.1583,9.2,12.73,1.5397,9.1,9.6,7.715,5.25,9,0.27,0.65,1,25.92
31/07/2009,1.3716,1.3716,4.02,1.0683,0.03,0.05,17.901,1.63,1.93,0.008172281,0.151406382,0.05068626,-2.123520678,0.053979281,0.030276317,-0.119490104,-0.525722293,10.9738,4.22,4.87,0.701902155,0.43,0.88,1.4247,5.155,8.4,9.15,186.41,8.25,8.23,126.16,8.5,7.8,94.66,0.18,0.38,0.491,7.5,13.4,6.1174,1.13,1.49,2.904,3.35,4,2.9547,9,9,31.4615,8.87,6.83,1.4699,8.05,8.15,7.85,7.25,18,0.25,0.48,1,26.01
31/08/2009,1.3647,1.3647,4.01,1.0588,0.04,0.2,17.77,1.27,1.58,0.029969487,0.580144871,0.214025177,7.225721548,-0.004477059,0.082992463,1.954021563,0.277052458,10.9138,3.73,4.52,0.697885407,0.36,0.82,1.4329,5.138,8,8.5,189.73,7.75,7.56,125.24,8.25,8.25,93.01,0.09,0.25,0.4907,2.8,9,6.013,1.11,1.62,2.8574,3.28,3.94,2.9451,9.07,9.02,31.798,7.25,8.25,1.4999,7.85,7.95,8.42,10.25,23,0.24,0.59,1,25.61
30/09/2009,1.336,1.336,3.38,1.0358,0.07,0.23,17.205,1.26,1.61,0.009111234,-0.775478366,0.066690771,-1.312893058,-0.009501733,-0.019171444,1.046368782,0.162979003,10.6867,3.73,4.52,0.683293475,0.38,0.8,1.4635,4.956,8,9,183.65,6.9,6.4,123.37,8.25,8.25,89.75,0.08,0.29,0.4842,2.5,7.5,5.7689,1.19,1.59,2.869,3.3,4,2.8829,9.42,9.02,30.0236,7.71,10.19,1.4827,7.3,7.4,8.21,7.5,18.5,0.24,0.47,1,30.69
31/10/2009,1.3281,1.3281,3.21,1.026,0.01,0.17,17.995,1.22,1.51,0.026328594,0.61104468,0.05501758,4.509137142,0.120735666,0.107097392,0.083019172,0.220174351,10.6277,3.45,4.37,0.679578661,0.3,0.46,1.4715,4.9202,4.5,6.5,185.95,6.25,6,125.67,8.75,8.45,90.08,0.07,0.25,0.4815,3,8,5.7278,1.31,1.65,2.8857,3.31,3.99,2.9232,10.45,10.15,29.1576,6.68,9.34,1.5053,6.8,6.9,8.095,17,20,0.21,0.26,1,24.51
30/11/2009,1.303,1.303,3.21,1.0049,0.02,0.15,17.399,1.2,1.41,-0.061389009,-0.963305869,-0.205471116,-4.778692596,-0.081338421,-0.095526059,-0.962346227,0.072275194,10.4241,1.83,2.58,0.666355701,0.37,0.48,1.5007,4.8824,1.5,4,182.35,5.8,5.3,122.37,9,8.5,86.34,0.07,0.17,0.4714,1.8,7.7,5.675,1.51,1.76,2.7723,3.33,3.96,2.8399,9.52,9.61,29.227,5.3,5.8,1.5274,6.55,6.8,7.98,15,16.5,0.18,0.25,1,21.68
31/12/2009,1.3656,1.3656,2.25,1.0355,0.06,0.15,18.377,1,1.23,-0.043649091,-0.48135875,-0.167898623,-6.35344863,-0.044624072,0.027067386,0.085271488,0.086686093,10.9272,1.58,2.12,0.698519139,0.34,0.58,1.4316,5.0932,1.5,3.5,187.96,5.72,5.64,124.96,8.75,8,92.9,0.06,0.1,0.4948,1.3,4.4,5.7934,1.67,1.91,2.8608,3.4,3.8,2.9566,10.05,10.15,30.311,5.96,5.75,1.495,6.8,7,8,14,18,0.17,0.23,1,24.62
31/01/2010,1.4106,1.4106,2,1.0604,-0.01,0.2,18.871,0.99,1.25,-0.023964095,-0.12533184,-0.071252067,-1.19275107,0.029307535,-0.038514015,0.565988698,0.114618822,11.2834,1.08,1.25,0.721709007,0.26,0.52,1.3856,5.2667,1.2,2.5,195.16,5.59,5.39,127.64,8.25,8,89.9,0.2,0.11,0.5096,0.75,1.95,5.9216,1.72,1.96,2.913,3.45,3.97,2.9528,7.84,7.79,30.368,5.2,5.35,1.492,6.27,6.59,8,14,16,0.18,0.19,1,19.5
28/02/2010,1.436,1.436,3,1.072,0.01,0.18,19.009,0.9,1.1,-0.009760399,0.218980585,-0.031202152,1.804653498,0.048923042,-3.37E-05,0.596636218,0.108520721,11.483,0.65,0.92,0.733084085,0.37,0.53,1.3641,5.3424,0.5,0.8,197.21,4.9,5.22,128.06,8.5,8,88.82,0.05,0.2,0.5197,0.75,0.8,5.9046,1.78,2.04,2.8915,3.44,3.92,3.0095,6.24,6.44,29.926,4.34,4.55,1.5445,6.45,6.53,7.972,9,15,0.14,0.18,1,17.59
31/03/2010,1.4473,1.4473,3.01,1.0535,0.02,0.14,18.802,0.98,1.08,-0.022071,-0.447376904,-0.079713253,-5.335248635,-0.092959497,-0.065909236,0.290829606,0.040545752,11.5808,0.48,0.64,0.74019245,0.26,0.43,1.351,5.3752,0.75,1.5,196.17,4.83,4.74,127.29,8.25,7.75,93.46,0.05,0.13,0.5244,0.65,0.85,5.937,1.71,2.07,2.8504,3.44,3.95,3.0244,4.42,5.22,29.432,3.69,3.79,1.5186,6.12,6.34,7.92,6.5,10.5,0.17,0.32,1,22.05
30/04/2010,1.4709,1.4709,3,1.0773,0.01,0.12,19.262,0.93,1.01,-0.116642023,-1.425184238,-0.434664485,-20.20845891,-0.340162903,-0.291749824,-1.577429794,0.030157543,11.7666,0.45,0.65,0.752162467,0.24,0.42,1.3295,5.4575,0.75,1.7,202.25,4.75,4.5,127.56,8.25,7.75,93.81,0.05,0.17,0.5316,0.7,1.5,5.9025,1.87,2.18,2.951,3.43,3.7,3.1008,5.45,5.57,29.226,3.64,3.81,1.4883,6.7,7,7.92,5.5,10,0.19,0.3,1,32.07
31/05/2010,1.5891,1.5891,3.01,1.1548,0.01,0.05,20.699,0.67,0.88,-0.007341857,-0.281787256,0.021262459,-8.634225043,-0.072403725,-0.138935516,-0.297014207,0.055347505,12.7132,0.43,0.66,0.812677773,0.3,0.46,1.2305,5.8947,1,1.5,223.21,4.4,4.07,128.05,7.75,7.2,91.24,0.05,0.13,0.5761,0.7,1.4,6.452,2.02,2.45,3.299,3.43,3.68,3.4058,6.26,6.31,30.886,3.25,3.8,1.573,6.75,7,7.924,5.75,9.5,0.25,0.45,1,34.54
30/06/2010,1.5982,1.5982,3.01,1.077,0.05,0.2,20.988,0.66,0.89,0.101413672,2.039267264,0.338807169,16.32004419,0.320775719,0.324752832,1.054806377,0.025804087,12.787,0.4,0.64,0.817394147,0.38,0.62,1.2234,5.8771,1,1.75,232.6,4.09,4.07,127.79,7.15,6.75,88.39,0.05,0.2,0.5792,0.7,1,6.494,2.21,2.59,3.38,3.47,3.65,3.5613,6.61,6.83,31.259,2.47,2.98,1.5817,6.8,7.1,7.904,2.5,4.5,0.3,0.77,1,23.5
31/07/2010,1.4985,1.4985,2.52,1.0413,0.01,0.28,18.955,0.57,0.87,-0.040916217,-0.464492405,-0.182991748,-8.258975677,-0.081104143,-0.094312334,-0.498380309,0.021914427,11.9929,0.43,0.7,0.766577233,0.36,0.59,1.3045,5.5417,1.4,2,217,4.52,4.66,119.67,7.1,6.8,86.45,0.16,0.32,0.5428,0.3,0.4,6.0714,2.22,2.38,3.068,3.44,3.55,3.2547,5.59,6.34,30.26,2.9,3.3,1.506,6.48,7.1,7.8925,2.75,5.13,0.22,0.5,1,26.05
31/08/2010,1.541,1.541,3,1.014,0.1,0.39,19.425,0.67,0.85,0.108208177,1.485576664,0.400971441,24.4612247,0.259307369,0.252820336,0.309474379,-0.032904339,12.3332,0.35,0.58,0.788332676,0.53,0.79,1.2685,5.7301,1.1,2,226.02,4.16,4.21,120.47,6.1,5.85,84.16,0.19,0.32,0.5583,0.3,0.4,6.2904,2.15,2.4,3.1572,3.41,3.65,3.3632,6.08,6.04,30.825,2.8,3.25,1.5215,6.75,7,7.887,1.75,4.5,0.2,0.25,1,23.7
30/09/2010,1.4345,1.4345,2.91,0.9821,0.04,0.27,17.947,0.75,0.95,0.033628723,0.335740798,0.080142579,8.72289202,0.074303786,0.082409812,-0.194527555,-0.006423494,11.4726,0.38,0.73,0.733675715,0.52,0.75,1.363,5.3334,1.1,2,202.29,4.49,4.69,113.01,5.5,5.05,83.45,0.01,0.21,0.5202,0.15,0.7,5.8694,2.11,2.33,2.9062,3.38,3.59,3.1264,5.15,6.25,30.5814,2.9,3.07,1.443,6.8,6.41,7.93,2,5,0.23,0.28,1,21.2
2010-10,1.4023,1.4023,2.4,0.9821,0.06,0.07,17.619,0.67,0.84,NA,NA,NA,NA,NA,NA,NA,NA,11.2213,0.4,0.78,0.716229767,0.64,0.85,1.3962,5.2571,0.85,2.25,194.27,4.49,4.4,111.01,5.35,5,80.29,0.03,0.08,0.5086,0.15,0.7,5.8448,2.07,2.22,2.8394,3.44,3.62,3.0565,4.2,6.38,30.843,2.8,3.3,1.4299,6.35,7.25,7.948,2.5,5,0.22,0.33,1,23.54
